-- NABH Indicators Management System - Seed Data
USE nabh_indicators;

-- Departments (IDs 1-15)
INSERT INTO departments (id, name, code, incharge_name, contact, status) VALUES
(1, 'Medicine', 'MED', NULL, NULL, 'active'),
(2, 'Surgery', 'SURG', NULL, NULL, 'active'),
(3, 'Obstetrics & Gynaecology', 'OBG', NULL, NULL, 'active'),
(4, 'Paediatrics', 'PAED', NULL, NULL, 'active'),
(5, 'Emergency', 'EMRG', NULL, NULL, 'active'),
(6, 'ICU', 'ICU', NULL, NULL, 'active'),
(7, 'Operation Theatre', 'OT', NULL, NULL, 'active'),
(8, 'Laboratory', 'LAB', NULL, NULL, 'active'),
(9, 'Radiology', 'RAD', NULL, NULL, 'active'),
(10, 'Blood Bank', 'BB', NULL, NULL, 'active'),
(11, 'Pharmacy', 'PHARM', NULL, NULL, 'active'),
(12, 'CSSD', 'CSSD', NULL, NULL, 'active'),
(13, 'Dietetics', 'DIET', NULL, NULL, 'active'),
(14, 'Dialysis', 'DIAL', NULL, NULL, 'active'),
(15, 'NICU', 'NICU', NULL, NULL, 'active');

-- General Indicators (IDs 1-32)
INSERT INTO indicators (id, indicator_code, name, description, numerator_description, denominator_description, unit, category, benchmark, status) VALUES
(1, 'GENIND001', 'Bed Occupancy Rate', 'Percentage of available beds occupied by patients', 'Number of occupied bed-days', 'Total available bed-days', 'percentage', 'general', '>85%', 'active'),
(2, 'GENIND002', 'Average Length of Stay', 'Average number of days patients stay in hospital', 'Total inpatient days', 'Total discharges', 'number', 'general', NULL, 'active'),
(3, 'GENIND003', 'Gross Death Rate', 'Percentage of patients who died out of total discharges', 'Total deaths', 'Total discharges including deaths', 'percentage', 'general', '<5%', 'active'),
(4, 'GENIND004', 'Net Death Rate', 'Death rate excluding deaths within 48 hours of admission', 'Deaths after 48 hours of admission', 'Total discharges including deaths after 48 hrs', 'percentage', 'general', NULL, 'active'),
(5, 'GENIND005', 'Surgical Site Infection Rate', 'Rate of infections at surgical sites post-procedure', 'Number of SSI cases', 'Total surgical procedures', 'percentage', 'general', '<2%', 'active'),
(6, 'GENIND006', 'Medication Error Rate', 'Rate of medication errors per 1000 patient days', 'Number of medication errors', 'Total patient days', 'per_1000', 'general', '<1 per 1000', 'active'),
(7, 'GENIND007', 'Patient Fall Rate', 'Rate of patient falls per 1000 patient days', 'Number of patient falls', 'Total patient days', 'per_1000', 'general', '<1 per 1000', 'active'),
(8, 'GENIND008', 'Hand Hygiene Compliance Rate', 'Compliance with hand hygiene protocols', 'Number of compliant hand hygiene opportunities', 'Total observed hand hygiene opportunities', 'percentage', 'general', '>80%', 'active'),
(9, 'GENIND009', 'LAMA Rate', 'Percentage of patients who left against medical advice', 'Number of LAMA cases', 'Total discharges', 'percentage', 'general', NULL, 'active'),
(10, 'GENIND010', 'Readmission Rate within 48 hrs', 'Rate of unplanned readmissions within 48 hours', 'Number of unplanned readmissions within 48 hrs', 'Total discharges', 'percentage', 'general', '<5%', 'active'),
(11, 'GENIND011', 'CAUTI Rate', 'Catheter-associated urinary tract infection rate per 1000 catheter days', 'Number of CAUTI cases', 'Total urinary catheter days', 'per_1000', 'general', '<1 per 1000', 'active'),
(12, 'GENIND012', 'VAP Rate', 'Ventilator-associated pneumonia rate per 1000 ventilator days', 'Number of VAP cases', 'Total ventilator days', 'per_1000', 'general', '<2 per 1000', 'active'),
(13, 'GENIND013', 'CLABSI Rate', 'Central line-associated bloodstream infection rate per 1000 central line days', 'Number of CLABSI cases', 'Total central line days', 'per_1000', 'general', '<1 per 1000', 'active'),
(14, 'GENIND014', 'Pressure Ulcer Incidence', 'Incidence of hospital-acquired pressure ulcers', 'Number of new hospital-acquired pressure ulcers', 'Total patient days', 'percentage', 'general', '<1%', 'active'),
(15, 'GENIND015', 'Restraint Usage Rate', 'Rate of physical restraint usage among patients', 'Number of patients restrained', 'Total patients admitted', 'percentage', 'general', NULL, 'active'),
(16, 'GENIND016', 'ADR Reporting Rate', 'Rate of adverse drug reaction reporting per 1000 patient days', 'Number of ADRs reported', 'Total patient days', 'per_1000', 'general', NULL, 'active'),
(17, 'GENIND017', 'Blood Transfusion Reaction Rate', 'Rate of transfusion reactions', 'Number of transfusion reactions', 'Total blood transfusions', 'percentage', 'general', '<1%', 'active'),
(18, 'GENIND018', 'Return to ICU Rate', 'Rate of unplanned returns to ICU within 48 hours', 'Number of unplanned ICU readmissions within 48 hrs', 'Total ICU discharges', 'percentage', 'general', '<3%', 'active'),
(19, 'GENIND019', 'Post-op Complication Rate', 'Rate of post-operative complications', 'Number of post-op complications', 'Total surgical procedures', 'percentage', 'general', '<5%', 'active'),
(20, 'GENIND020', 'Unplanned Repeat Procedure Rate', 'Rate of unplanned repeat procedures', 'Number of unplanned repeat procedures', 'Total procedures performed', 'percentage', 'general', NULL, 'active'),
(21, 'GENIND021', 'Nosocomial Infection Rate', 'Rate of hospital-acquired infections', 'Number of nosocomial infection cases', 'Total patient days', 'percentage', 'general', '<5%', 'active'),
(22, 'GENIND022', 'Door to Doctor Time Emergency', 'Average time from patient arrival to physician contact in emergency', 'Total door-to-doctor time in minutes', 'Total emergency patients triaged', 'minutes', 'general', '<30 min', 'active'),
(23, 'GENIND023', 'Patient Satisfaction Score', 'Patient satisfaction as measured by surveys', 'Number of satisfied patients (score >=4/5)', 'Total survey respondents', 'percentage', 'general', '>80%', 'active'),
(24, 'GENIND024', 'Staff Satisfaction Score', 'Staff satisfaction as measured by surveys', 'Number of satisfied staff (score >=4/5)', 'Total staff surveyed', 'percentage', 'general', NULL, 'active'),
(25, 'GENIND025', 'Training Compliance Rate', 'Compliance with mandatory training programs', 'Number of staff completed mandatory training', 'Total staff required to complete training', 'percentage', 'general', '>90%', 'active'),
(26, 'GENIND026', 'Incident Reporting Rate', 'Rate of incident reporting per 1000 patient days', 'Number of incidents reported', 'Total patient days', 'per_1000', 'general', NULL, 'active'),
(27, 'GENIND027', 'Equipment Calibration Compliance', 'Compliance with equipment calibration schedules', 'Number of equipment calibrated on schedule', 'Total equipment requiring calibration', 'percentage', 'general', '100%', 'active'),
(28, 'GENIND028', 'Medical Record Completion Rate', 'Rate of complete medical record documentation', 'Number of complete medical records', 'Total medical records reviewed', 'percentage', 'general', '>95%', 'active'),
(29, 'GENIND029', 'Consent Form Completion Rate', 'Rate of properly completed informed consent forms', 'Number of complete consent forms', 'Total procedures requiring consent', 'percentage', 'general', '100%', 'active'),
(30, 'GENIND030', 'Discharge Summary Timeliness', 'Percentage of discharge summaries completed within 24 hours', 'Number of discharge summaries completed within 24 hrs', 'Total discharges', 'percentage', 'general', '>90%', 'active'),
(31, 'GENIND031', 'Complaint Resolution Rate', 'Rate of patient complaints resolved within defined timeframe', 'Number of complaints resolved within timeframe', 'Total complaints received', 'percentage', 'general', '>90%', 'active'),
(32, 'GENIND032', 'Critical Value Reporting Compliance', 'Compliance with critical value notification protocols', 'Number of critical values reported within defined time', 'Total critical values generated', 'percentage', 'general', '100%', 'active');

-- Department-Specific Indicators (IDs 33-50)
INSERT INTO indicators (id, indicator_code, name, description, numerator_description, denominator_description, unit, category, benchmark, status) VALUES
(33, 'DEPTIND001', 'Ventilator Days per Patient', 'Average ventilator days per ICU patient', 'Total ventilator days', 'Total ventilated patients', 'number', 'department_specific', NULL, 'active'),
(34, 'DEPTIND002', 'Sedation Vacation Compliance', 'Compliance with daily sedation interruption protocol', 'Number of ventilated patients who had sedation vacation', 'Total ventilated patients requiring sedation', 'percentage', 'department_specific', NULL, 'active'),
(35, 'DEPTIND003', 'Surgical Cancellation Rate', 'Rate of planned surgical procedures that were cancelled', 'Number of cancelled elective surgeries', 'Total planned elective surgeries', 'percentage', 'department_specific', '<5%', 'active'),
(36, 'DEPTIND004', 'Turnaround Time Between Cases', 'Average time between end of one surgery and start of next', 'Total turnaround time in minutes', 'Total case turnarounds', 'minutes', 'department_specific', NULL, 'active'),
(37, 'DEPTIND005', 'Lab Report TAT Compliance', 'Compliance with laboratory report turnaround time targets', 'Number of reports delivered within target TAT', 'Total lab reports issued', 'percentage', 'department_specific', '>90%', 'active'),
(38, 'DEPTIND006', 'Critical Value Notification TAT', 'Average time to notify clinician of critical lab values', 'Total notification time in minutes', 'Total critical values notified', 'minutes', 'department_specific', '<30 min', 'active'),
(39, 'DEPTIND007', 'Radiology Report TAT Compliance', 'Compliance with radiology report turnaround time', 'Number of radiology reports within target TAT', 'Total radiology reports issued', 'percentage', 'department_specific', NULL, 'active'),
(40, 'DEPTIND008', 'Repeat Imaging Rate', 'Rate of repeat imaging studies due to quality issues', 'Number of repeat imaging due to quality failure', 'Total imaging studies performed', 'percentage', 'department_specific', '<5%', 'active'),
(41, 'DEPTIND009', 'Blood Component Utilization Rate', 'Rate of blood components issued vs returned/discarded', 'Number of blood components transfused', 'Total blood components issued', 'percentage', 'department_specific', NULL, 'active'),
(42, 'DEPTIND010', 'Crossmatch to Transfusion Ratio', 'Ratio of crossmatched units to units actually transfused', 'Number of units crossmatched', 'Number of units transfused', 'ratio', 'department_specific', NULL, 'active'),
(43, 'DEPTIND011', 'Prescription Error Rate', 'Rate of prescription errors per 1000 prescriptions', 'Number of prescription errors identified', 'Total prescriptions dispensed', 'per_1000', 'department_specific', '<1 per 1000', 'active'),
(44, 'DEPTIND012', 'Drug Unavailability Rate', 'Rate of prescribed drugs not available in pharmacy', 'Number of drug unavailability instances', 'Total drug requisitions', 'percentage', 'department_specific', NULL, 'active'),
(45, 'DEPTIND013', 'Sterility Failure Rate', 'Rate of sterility failures in CSSD processing', 'Number of sterility test failures', 'Total sterility tests conducted', 'percentage', 'department_specific', '<1%', 'active'),
(46, 'DEPTIND014', 'Instrument Reprocessing TAT', 'Average turnaround time for instrument reprocessing', 'Total reprocessing time in minutes', 'Total instrument sets reprocessed', 'minutes', 'department_specific', NULL, 'active'),
(47, 'DEPTIND015', 'Diet Order Compliance Rate', 'Compliance with prescribed therapeutic diet orders', 'Number of diet orders correctly prepared and served', 'Total therapeutic diet orders', 'percentage', 'department_specific', NULL, 'active'),
(48, 'DEPTIND016', 'Kt/V Achievement Rate', 'Rate of adequate dialysis dose achievement (Kt/V >= 1.2)', 'Number of dialysis sessions achieving Kt/V >= 1.2', 'Total dialysis sessions', 'percentage', 'department_specific', NULL, 'active'),
(49, 'DEPTIND017', 'Neonatal Hypothermia Rate', 'Rate of hypothermia on admission in NICU', 'Number of neonates admitted with hypothermia', 'Total NICU admissions', 'percentage', 'department_specific', NULL, 'active'),
(50, 'DEPTIND018', 'Triage Completion Time', 'Average time to complete triage assessment', 'Total triage completion time in minutes', 'Total patients triaged', 'minutes', 'department_specific', NULL, 'active');

-- Department Indicators Assignments
-- All 32 general indicators (IDs 1-32) assigned to all 15 departments
INSERT INTO department_indicators (department_id, indicator_id, assigned_by, status) VALUES
(1,1,NULL,'active'),(1,2,NULL,'active'),(1,3,NULL,'active'),(1,4,NULL,'active'),(1,5,NULL,'active'),(1,6,NULL,'active'),(1,7,NULL,'active'),(1,8,NULL,'active'),
(1,9,NULL,'active'),(1,10,NULL,'active'),(1,11,NULL,'active'),(1,12,NULL,'active'),(1,13,NULL,'active'),(1,14,NULL,'active'),(1,15,NULL,'active'),(1,16,NULL,'active'),
(1,17,NULL,'active'),(1,18,NULL,'active'),(1,19,NULL,'active'),(1,20,NULL,'active'),(1,21,NULL,'active'),(1,22,NULL,'active'),(1,23,NULL,'active'),(1,24,NULL,'active'),
(1,25,NULL,'active'),(1,26,NULL,'active'),(1,27,NULL,'active'),(1,28,NULL,'active'),(1,29,NULL,'active'),(1,30,NULL,'active'),(1,31,NULL,'active'),(1,32,NULL,'active'),
(2,1,NULL,'active'),(2,2,NULL,'active'),(2,3,NULL,'active'),(2,4,NULL,'active'),(2,5,NULL,'active'),(2,6,NULL,'active'),(2,7,NULL,'active'),(2,8,NULL,'active'),
(2,9,NULL,'active'),(2,10,NULL,'active'),(2,11,NULL,'active'),(2,12,NULL,'active'),(2,13,NULL,'active'),(2,14,NULL,'active'),(2,15,NULL,'active'),(2,16,NULL,'active'),
(2,17,NULL,'active'),(2,18,NULL,'active'),(2,19,NULL,'active'),(2,20,NULL,'active'),(2,21,NULL,'active'),(2,22,NULL,'active'),(2,23,NULL,'active'),(2,24,NULL,'active'),
(2,25,NULL,'active'),(2,26,NULL,'active'),(2,27,NULL,'active'),(2,28,NULL,'active'),(2,29,NULL,'active'),(2,30,NULL,'active'),(2,31,NULL,'active'),(2,32,NULL,'active'),
(3,1,NULL,'active'),(3,2,NULL,'active'),(3,3,NULL,'active'),(3,4,NULL,'active'),(3,5,NULL,'active'),(3,6,NULL,'active'),(3,7,NULL,'active'),(3,8,NULL,'active'),
(3,9,NULL,'active'),(3,10,NULL,'active'),(3,11,NULL,'active'),(3,12,NULL,'active'),(3,13,NULL,'active'),(3,14,NULL,'active'),(3,15,NULL,'active'),(3,16,NULL,'active'),
(3,17,NULL,'active'),(3,18,NULL,'active'),(3,19,NULL,'active'),(3,20,NULL,'active'),(3,21,NULL,'active'),(3,22,NULL,'active'),(3,23,NULL,'active'),(3,24,NULL,'active'),
(3,25,NULL,'active'),(3,26,NULL,'active'),(3,27,NULL,'active'),(3,28,NULL,'active'),(3,29,NULL,'active'),(3,30,NULL,'active'),(3,31,NULL,'active'),(3,32,NULL,'active'),
(4,1,NULL,'active'),(4,2,NULL,'active'),(4,3,NULL,'active'),(4,4,NULL,'active'),(4,5,NULL,'active'),(4,6,NULL,'active'),(4,7,NULL,'active'),(4,8,NULL,'active'),
(4,9,NULL,'active'),(4,10,NULL,'active'),(4,11,NULL,'active'),(4,12,NULL,'active'),(4,13,NULL,'active'),(4,14,NULL,'active'),(4,15,NULL,'active'),(4,16,NULL,'active'),
(4,17,NULL,'active'),(4,18,NULL,'active'),(4,19,NULL,'active'),(4,20,NULL,'active'),(4,21,NULL,'active'),(4,22,NULL,'active'),(4,23,NULL,'active'),(4,24,NULL,'active'),
(4,25,NULL,'active'),(4,26,NULL,'active'),(4,27,NULL,'active'),(4,28,NULL,'active'),(4,29,NULL,'active'),(4,30,NULL,'active'),(4,31,NULL,'active'),(4,32,NULL,'active'),
(5,1,NULL,'active'),(5,2,NULL,'active'),(5,3,NULL,'active'),(5,4,NULL,'active'),(5,5,NULL,'active'),(5,6,NULL,'active'),(5,7,NULL,'active'),(5,8,NULL,'active'),
(5,9,NULL,'active'),(5,10,NULL,'active'),(5,11,NULL,'active'),(5,12,NULL,'active'),(5,13,NULL,'active'),(5,14,NULL,'active'),(5,15,NULL,'active'),(5,16,NULL,'active'),
(5,17,NULL,'active'),(5,18,NULL,'active'),(5,19,NULL,'active'),(5,20,NULL,'active'),(5,21,NULL,'active'),(5,22,NULL,'active'),(5,23,NULL,'active'),(5,24,NULL,'active'),
(5,25,NULL,'active'),(5,26,NULL,'active'),(5,27,NULL,'active'),(5,28,NULL,'active'),(5,29,NULL,'active'),(5,30,NULL,'active'),(5,31,NULL,'active'),(5,32,NULL,'active'),
(6,1,NULL,'active'),(6,2,NULL,'active'),(6,3,NULL,'active'),(6,4,NULL,'active'),(6,5,NULL,'active'),(6,6,NULL,'active'),(6,7,NULL,'active'),(6,8,NULL,'active'),
(6,9,NULL,'active'),(6,10,NULL,'active'),(6,11,NULL,'active'),(6,12,NULL,'active'),(6,13,NULL,'active'),(6,14,NULL,'active'),(6,15,NULL,'active'),(6,16,NULL,'active'),
(6,17,NULL,'active'),(6,18,NULL,'active'),(6,19,NULL,'active'),(6,20,NULL,'active'),(6,21,NULL,'active'),(6,22,NULL,'active'),(6,23,NULL,'active'),(6,24,NULL,'active'),
(6,25,NULL,'active'),(6,26,NULL,'active'),(6,27,NULL,'active'),(6,28,NULL,'active'),(6,29,NULL,'active'),(6,30,NULL,'active'),(6,31,NULL,'active'),(6,32,NULL,'active'),
(7,1,NULL,'active'),(7,2,NULL,'active'),(7,3,NULL,'active'),(7,4,NULL,'active'),(7,5,NULL,'active'),(7,6,NULL,'active'),(7,7,NULL,'active'),(7,8,NULL,'active'),
(7,9,NULL,'active'),(7,10,NULL,'active'),(7,11,NULL,'active'),(7,12,NULL,'active'),(7,13,NULL,'active'),(7,14,NULL,'active'),(7,15,NULL,'active'),(7,16,NULL,'active'),
(7,17,NULL,'active'),(7,18,NULL,'active'),(7,19,NULL,'active'),(7,20,NULL,'active'),(7,21,NULL,'active'),(7,22,NULL,'active'),(7,23,NULL,'active'),(7,24,NULL,'active'),
(7,25,NULL,'active'),(7,26,NULL,'active'),(7,27,NULL,'active'),(7,28,NULL,'active'),(7,29,NULL,'active'),(7,30,NULL,'active'),(7,31,NULL,'active'),(7,32,NULL,'active'),
(8,1,NULL,'active'),(8,2,NULL,'active'),(8,3,NULL,'active'),(8,4,NULL,'active'),(8,5,NULL,'active'),(8,6,NULL,'active'),(8,7,NULL,'active'),(8,8,NULL,'active'),
(8,9,NULL,'active'),(8,10,NULL,'active'),(8,11,NULL,'active'),(8,12,NULL,'active'),(8,13,NULL,'active'),(8,14,NULL,'active'),(8,15,NULL,'active'),(8,16,NULL,'active'),
(8,17,NULL,'active'),(8,18,NULL,'active'),(8,19,NULL,'active'),(8,20,NULL,'active'),(8,21,NULL,'active'),(8,22,NULL,'active'),(8,23,NULL,'active'),(8,24,NULL,'active'),
(8,25,NULL,'active'),(8,26,NULL,'active'),(8,27,NULL,'active'),(8,28,NULL,'active'),(8,29,NULL,'active'),(8,30,NULL,'active'),(8,31,NULL,'active'),(8,32,NULL,'active'),
(9,1,NULL,'active'),(9,2,NULL,'active'),(9,3,NULL,'active'),(9,4,NULL,'active'),(9,5,NULL,'active'),(9,6,NULL,'active'),(9,7,NULL,'active'),(9,8,NULL,'active'),
(9,9,NULL,'active'),(9,10,NULL,'active'),(9,11,NULL,'active'),(9,12,NULL,'active'),(9,13,NULL,'active'),(9,14,NULL,'active'),(9,15,NULL,'active'),(9,16,NULL,'active'),
(9,17,NULL,'active'),(9,18,NULL,'active'),(9,19,NULL,'active'),(9,20,NULL,'active'),(9,21,NULL,'active'),(9,22,NULL,'active'),(9,23,NULL,'active'),(9,24,NULL,'active'),
(9,25,NULL,'active'),(9,26,NULL,'active'),(9,27,NULL,'active'),(9,28,NULL,'active'),(9,29,NULL,'active'),(9,30,NULL,'active'),(9,31,NULL,'active'),(9,32,NULL,'active'),
(10,1,NULL,'active'),(10,2,NULL,'active'),(10,3,NULL,'active'),(10,4,NULL,'active'),(10,5,NULL,'active'),(10,6,NULL,'active'),(10,7,NULL,'active'),(10,8,NULL,'active'),
(10,9,NULL,'active'),(10,10,NULL,'active'),(10,11,NULL,'active'),(10,12,NULL,'active'),(10,13,NULL,'active'),(10,14,NULL,'active'),(10,15,NULL,'active'),(10,16,NULL,'active'),
(10,17,NULL,'active'),(10,18,NULL,'active'),(10,19,NULL,'active'),(10,20,NULL,'active'),(10,21,NULL,'active'),(10,22,NULL,'active'),(10,23,NULL,'active'),(10,24,NULL,'active'),
(10,25,NULL,'active'),(10,26,NULL,'active'),(10,27,NULL,'active'),(10,28,NULL,'active'),(10,29,NULL,'active'),(10,30,NULL,'active'),(10,31,NULL,'active'),(10,32,NULL,'active'),
(11,1,NULL,'active'),(11,2,NULL,'active'),(11,3,NULL,'active'),(11,4,NULL,'active'),(11,5,NULL,'active'),(11,6,NULL,'active'),(11,7,NULL,'active'),(11,8,NULL,'active'),
(11,9,NULL,'active'),(11,10,NULL,'active'),(11,11,NULL,'active'),(11,12,NULL,'active'),(11,13,NULL,'active'),(11,14,NULL,'active'),(11,15,NULL,'active'),(11,16,NULL,'active'),
(11,17,NULL,'active'),(11,18,NULL,'active'),(11,19,NULL,'active'),(11,20,NULL,'active'),(11,21,NULL,'active'),(11,22,NULL,'active'),(11,23,NULL,'active'),(11,24,NULL,'active'),
(11,25,NULL,'active'),(11,26,NULL,'active'),(11,27,NULL,'active'),(11,28,NULL,'active'),(11,29,NULL,'active'),(11,30,NULL,'active'),(11,31,NULL,'active'),(11,32,NULL,'active'),
(12,1,NULL,'active'),(12,2,NULL,'active'),(12,3,NULL,'active'),(12,4,NULL,'active'),(12,5,NULL,'active'),(12,6,NULL,'active'),(12,7,NULL,'active'),(12,8,NULL,'active'),
(12,9,NULL,'active'),(12,10,NULL,'active'),(12,11,NULL,'active'),(12,12,NULL,'active'),(12,13,NULL,'active'),(12,14,NULL,'active'),(12,15,NULL,'active'),(12,16,NULL,'active'),
(12,17,NULL,'active'),(12,18,NULL,'active'),(12,19,NULL,'active'),(12,20,NULL,'active'),(12,21,NULL,'active'),(12,22,NULL,'active'),(12,23,NULL,'active'),(12,24,NULL,'active'),
(12,25,NULL,'active'),(12,26,NULL,'active'),(12,27,NULL,'active'),(12,28,NULL,'active'),(12,29,NULL,'active'),(12,30,NULL,'active'),(12,31,NULL,'active'),(12,32,NULL,'active'),
(13,1,NULL,'active'),(13,2,NULL,'active'),(13,3,NULL,'active'),(13,4,NULL,'active'),(13,5,NULL,'active'),(13,6,NULL,'active'),(13,7,NULL,'active'),(13,8,NULL,'active'),
(13,9,NULL,'active'),(13,10,NULL,'active'),(13,11,NULL,'active'),(13,12,NULL,'active'),(13,13,NULL,'active'),(13,14,NULL,'active'),(13,15,NULL,'active'),(13,16,NULL,'active'),
(13,17,NULL,'active'),(13,18,NULL,'active'),(13,19,NULL,'active'),(13,20,NULL,'active'),(13,21,NULL,'active'),(13,22,NULL,'active'),(13,23,NULL,'active'),(13,24,NULL,'active'),
(13,25,NULL,'active'),(13,26,NULL,'active'),(13,27,NULL,'active'),(13,28,NULL,'active'),(13,29,NULL,'active'),(13,30,NULL,'active'),(13,31,NULL,'active'),(13,32,NULL,'active'),
(14,1,NULL,'active'),(14,2,NULL,'active'),(14,3,NULL,'active'),(14,4,NULL,'active'),(14,5,NULL,'active'),(14,6,NULL,'active'),(14,7,NULL,'active'),(14,8,NULL,'active'),
(14,9,NULL,'active'),(14,10,NULL,'active'),(14,11,NULL,'active'),(14,12,NULL,'active'),(14,13,NULL,'active'),(14,14,NULL,'active'),(14,15,NULL,'active'),(14,16,NULL,'active'),
(14,17,NULL,'active'),(14,18,NULL,'active'),(14,19,NULL,'active'),(14,20,NULL,'active'),(14,21,NULL,'active'),(14,22,NULL,'active'),(14,23,NULL,'active'),(14,24,NULL,'active'),
(14,25,NULL,'active'),(14,26,NULL,'active'),(14,27,NULL,'active'),(14,28,NULL,'active'),(14,29,NULL,'active'),(14,30,NULL,'active'),(14,31,NULL,'active'),(14,32,NULL,'active'),
(15,1,NULL,'active'),(15,2,NULL,'active'),(15,3,NULL,'active'),(15,4,NULL,'active'),(15,5,NULL,'active'),(15,6,NULL,'active'),(15,7,NULL,'active'),(15,8,NULL,'active'),
(15,9,NULL,'active'),(15,10,NULL,'active'),(15,11,NULL,'active'),(15,12,NULL,'active'),(15,13,NULL,'active'),(15,14,NULL,'active'),(15,15,NULL,'active'),(15,16,NULL,'active'),
(15,17,NULL,'active'),(15,18,NULL,'active'),(15,19,NULL,'active'),(15,20,NULL,'active'),(15,21,NULL,'active'),(15,22,NULL,'active'),(15,23,NULL,'active'),(15,24,NULL,'active'),
(15,25,NULL,'active'),(15,26,NULL,'active'),(15,27,NULL,'active'),(15,28,NULL,'active'),(15,29,NULL,'active'),(15,30,NULL,'active'),(15,31,NULL,'active'),(15,32,NULL,'active');

-- Department-specific indicator assignments
INSERT INTO department_indicators (department_id, indicator_id, assigned_by, status) VALUES
(6,33,NULL,'active'),
(6,34,NULL,'active'),
(7,35,NULL,'active'),
(7,36,NULL,'active'),
(8,37,NULL,'active'),
(8,38,NULL,'active'),
(9,39,NULL,'active'),
(9,40,NULL,'active'),
(10,41,NULL,'active'),
(10,42,NULL,'active'),
(11,43,NULL,'active'),
(11,44,NULL,'active'),
(12,45,NULL,'active'),
(12,46,NULL,'active'),
(13,47,NULL,'active'),
(14,48,NULL,'active'),
(15,49,NULL,'active'),
(5,50,NULL,'active');
